PERMNO,date1,PERMCO,PRC,VOL,RET,SHROUT,MCAP
10892,20100129,8766,27,6441,0.053453,7080,191160
10892,20100226,8766,30.69,5833,0.141111,7080,217285.2
10892,20100331,8766,39,5570,0.270772,7097,276783
10892,20100430,8766,42.11,6046,0.079744,7097,298854.67
10892,20100531,8766,40.33,8042,-0.039421,7097,286222.01
10892,20100630,8766,35.93,9047,-0.1091,7117,255713.81
10892,20100730,8766,38,5613,0.057612,7117,270446
10892,20100831,8766,35.97,11097,-0.050263,8317,299162.49
10892,20100930,8766,37.51,4958,0.042813,8497,318722.47
10892,20101029,8766,39.04,4929,0.040789,8497,331722.88
10892,20101130,8766,43.5,4730,0.117316,8497,369619.5
10892,20101231,8766,47.44,8191,0.090575,8525,404426
10892,20110131,8766,44.9,6443,-0.053541,8525,382772.5
10892,20110228,8766,46.82,5235,0.045434,8525,399140.5
10892,20110331,8766,47.1,7521,0.00598,8595,404824.5
10892,20110429,8766,44.97,6632,-0.045223,8595,386517.15
10892,20110531,8766,41.77,6755,-0.06849,8597,359096.69
10892,20110630,8766,39.65,5711,-0.050754,8604,341148.6
10892,20110729,8766,39.71,5083,0.001513,8604,341664.84
10892,20110831,8766,35,7203,-0.115588,8604,301140
10892,20110930,8766,31.57,7451,-0.098,8611,271849.27
10892,20111031,8766,39.75,6196,0.259107,8611,342287.25
10892,20111130,8766,36.54,5318,-0.077736,8613,314719.02
10892,20111230,8766,35.96,4345,-0.015873,8678,312060.88
10892,20120131,8766,38.91,3389,0.082036,8678,337660.98
10892,20120229,8766,38.49,3701,-0.00771,8678,334016.22
10892,20120330,8766,41,9023,0.065212,8705,356905
10892,20120430,8766,39.91,4029,-0.026585,8705,347416.55
10892,20120531,8766,37.18,3883,-0.065397,8705,323651.9
10892,20120629,8766,40.41,6949,0.086875,8707,351849.87
10892,20120731,8766,41.43,5798,0.025241,8707,360731.01
10892,20120831,8766,40.57,5766,-0.017861,8709,353324.13
10892,20120928,8766,41.28,6510,0.017501,8734,360539.52
10892,20121031,8766,42.46,4867,0.028585,8734,370845.64
10892,20121130,8766,43.4,4912,0.024965,8736,379142.4
10892,20121231,8766,42.25,5760,-0.026498,8773,370659.25
10892,20130131,8766,45.47,5105,0.076213,8773,398908.31
10892,20130228,8766,47.5,4276,0.047284,8773,416717.5
10892,20130328,8766,48.64,4823,0.024,8793,427691.52
10892,20130430,8766,48.94,5030,0.006168,8793,430329.42
10892,20130531,8766,50.24,5062,0.029015,8794,441810.56
10892,20130628,8766,52.39,4359,0.042795,8815,461817.85
10892,20130731,8766,59.53,4191,0.136286,8815,524756.95
10892,20130830,8766,59.6,5407,0.003192,8819,525612.4
10892,20130930,8766,60.25,3866,0.010906,8844,532851
10892,20131031,8766,70.01,6140,0.161992,8844,619168.44
10892,20131129,8766,75.94,11967,0.086416,8851,672144.94
10892,20131231,8766,77.53,8899,0.020938,8895,689629.35
10892,20140131,8766,71.8,4989,-0.073907,8898,638876.4
10892,20140228,8766,71.29,4950,-0.005432,8898,634338.42
10892,20140331,8766,71.43,5160,0.001964,8910,636441.3
10892,20140430,8766,67.62,6462,-0.053339,8910,602494.2
10892,20140530,8766,67.92,6789,0.006211,8913,605370.96
10892,20140630,8766,73.67,7366,0.084658,8924,657431.08
10892,20140731,8766,71.59,7154,-0.028234,8924,638869.16
10892,20140829,8766,74.6,6741,0.043721,8927,665954.2
10892,20140930,8766,71.61,6309,-0.04008,9396,672847.56
10892,20141031,8766,78.65,5520,0.09831,9399,739231.35
10892,20141128,8766,75.1,5400,-0.04323,9399,705864.9
10892,20141231,8766,76.89,7279,0.023835,9403,722996.67
10892,20150130,8766,73.86,5830,-0.039407,9403,694505.58
10892,20150227,8766,77.74,3678,0.054563,9403,730989.22
10892,20150331,8766,75.63,7276,-0.027142,9422,712585.86
10892,20150430,8766,71.17,5290,-0.058971,9422,670563.74
10892,20150529,8766,24.67,10654,0.042012,28266,697322.22
10892,20150630,8766,27.35,24993,0.108634,27909,763311.15
10892,20150731,8766,28.71,18561,0.049726,27898,800951.58
10892,20150831,8766,27.53,23882,-0.039359,27898,768031.94
10892,20150930,8766,28.81,20023,0.046495,27392,789163.52
10892,20151030,8766,31.77,20454,0.102742,29853,948429.81
10892,20151130,8766,34.16,21479,0.077117,29853,1019778.48
10892,20151231,8766,32.36,26115,-0.052693,29763,963130.68
10892,20160129,8766,29.06,25293,-0.101978,29763,864912.78
10892,20160229,8766,30.3,23655,0.044735,29686,899485.8
10892,20160331,8766,32.52,26395,0.073267,29522,960055.44
10892,20160429,8766,34.14,22129,0.049815,29537,1008393.18
10892,20160531,8766,35.47,19502,0.040715,29537,1047677.39
10892,20160630,8766,32.19,28040,-0.092473,29549,951182.31
10892,20160729,8766,35.19,17755,0.093197,29549,1039829.31
10892,20160831,8766,38.9,23767,0.107133,29550,1149495
10892,20160930,8766,36.49,26653,-0.061954,31334,1143377.66
10892,20161031,8766,35.05,22496,-0.039463,31334,1098256.7
10892,20161130,8766,42.65,30999,0.21883,31324,1335968.6
10892,12302016,8766,46.35,27151,0.086753,31390,1454926.5
10892,20170131,8766,45.3,28801,-0.022654,31390,1421967
10892,20170228,8766,45.6,18973,0.008168,31394,1431566.4
10892,20170331,8766,45.95,26443,0.007675,31458,1445495.1
10892,20170428,8766,47.2,24095,0.027203,31458,1484817.6
10892,20170531,8766,44.1,27730,-0.064195,31452,1387033.2
10892,20170630,8766,45.35,24680,0.028345,31435,1425577.25
10892,20170731,8766,45.15,16724,-0.00441,31435,1419290.25
10892,20170831,8766,44.7,18715,-0.008416,31418,1404384.6
10892,20170929,8766,48.75,22278,0.090604,31410,1531237.5
10892,20171031,8766,49.7,16524,0.019487,31410,1561077
10892,20171130,8766,50.6,17322,0.019919,31390,1588334
10892,20171229,8766,47.85,16667,-0.054348,31418,1503351.3
10892,20180131,8766,51.1,20325,0.067921,31418,1605459.8
10892,20180228,8766,47.7,17520,-0.064775,31404,1497970.8
10892,20180329,8766,47.9,15458,0.004193,32003,1532943.7
10892,04302018,8766,50.1,17610,0.045929,32003,1603350.3
10892,20180531,8766,52.35,14374,0.047106,31540,1651119
10892,20180629,8766,53.3,23560,0.018147,31704,1689823.2
10892,20180731,8766,56.7,26825,0.06379,31704,1797616.8
10892,20180831,8766,48.8,58044,-0.13739,31772,1550473.6
10892,20180928,8766,47.15,34616,-0.033811,31852,1501821.8
10892,20181031,8766,42.53,53348,-0.097985,31852,1354665.56
10892,20181130,8766,42.07,26826,-0.008229,31369,1319693.83
10892,20181231,8766,37.91,41486,-0.098883,31374,1189388.34
10892,20190131,8766,42.17,34328,0.112371,31374,1323041.58
10892,20190228,8766,43.28,35533,0.028931,31374,1357866.72
10892,20190329,8766,38.6,92385,-0.108133,53128,2050740.8
10892,20190430,8766,43.18,52760,0.118653,53128,2294067.04
10892,20190531,8766,39.69,43142,-0.078045,53407,2119723.83
10892,20190628,8766,41.3,65880,0.040564,53232,2198481.6
10892,20190731,8766,42.37,65255,0.025908,53232,2255439.84
10892,20190830,8766,41.22,44930,-0.02431,52988,2184165.36
10892,20190930,8766,44.1,38903,0.069869,52445,2312824.5
10892,20191031,8766,42.17,46990,-0.043764,52445,2211605.65
10892,20191129,8766,44.59,31206,0.060232,52149,2325323.91
10892,20191231,8766,43.99,44046,-0.013456,51567,2268432.33
10892,20200131,8766,39.89,43921,-0.093203,51567,2057007.63
10892,20200228,8766,34.46,31838,-0.133116,51057,1759424.22
10892,20200331,8766,24.92,85698,-0.276843,50633,1261774.36
10892,20200430,8766,29.18,66281,0.170947,50633,1477470.94
10892,20200529,8766,27.67,56413,-0.047635,50659,1401734.53
10892,20200630,8766,28.7,73051,0.037224,50660,1453942
10892,20200731,8766,28.53,61253,-0.005923,50660,1445329.8
10892,20200831,8766,29.3,46870,0.031195,50660,1484338
10892,20200930,8766,26.97,48919,-0.079522,50673,1366650.81
10892,20201030,8766,31.69,55560,0.175009,50402,1597239.38
10892,20201130,8766,38.13,64578,0.207005,50402,1921828.26
10892,20201231,8766,44.88,81894,0.177026,47756,2143289.28
10892,20210129,8766,42.97,54668,-0.042558,47756,2052075.32
10892,20210226,8766,53.14,184708,0.239469,47495,2523884.3
10892,20210331,8766,49.79,145987,-0.063041,47502,2365124.58
10892,20210430,8766,51.09,58898,0.02611,47502,2426877.18
10892,20210528,8766,53.21,45228,0.04404,47532,2529177.72
10892,20210630,8766,46.59,53447,-0.124413,47535,2214655.65
10892,20210730,8766,43.78,42653,-0.060313,47535,2081082.3
10892,20210831,8766,45.41,39655,0.040201,47535,2158564.35
10892,20210930,8766,51.31,51311,0.129927,47548,2439687.88
10892,20211029,8766,51.81,64934,0.009745,47568,2464498.08
10892,20211130,8766,49.72,45611,-0.037831,47568,2365080.96
10892,20211231,8766,50.12,136735,0.008045,47609,2386163.08
10892,20220131,8766,52.38,93378,0.045092,47609,2493759.42
10892,20220228,8766,50.83,71887,-0.02711,65379,3323214.57
10892,20220331,8766,46.62,78603,-0.082825,64735,3017945.7
10892,20220429,8766,40.07,75728,-0.140498,64735,2593931.45
10892,20220531,8766,42.78,79607,0.070876,64676,2766839.28
10892,20220630,8766,40.09,76034,-0.06288,63587,2549202.83
10892,20220729,8766,47.72,60919,0.190322,63513,3030840.36
10892,20220831,8766,48.35,61478,0.016345,63513,3070853.55
10892,20220930,8766,46.46,68602,-0.03909,61949,2878150.54
10892,20221031,8766,46.56,68090,0.002152,61587,2867490.72
10892,20221130,8766,48.51,47580,0.045103,61587,2987585.37
10892,20221230,8766,45.34,63250,-0.065347,61587,2792354.58
11786,20100129,9588,43.39,134530,0.041527,41354,1794350.06
11786,20100226,9588,44.56,116717,0.026965,41371,1843491.76
11786,20100331,9588,46.66,96213,0.047127,41526,1937603.16
11786,20100430,9588,49.18,96378,0.054008,41740,2052773.2
11786,20100528,9588,44.86,158903,-0.087841,41740,1872456.4
11786,20100630,9588,41.23,106117,-0.080918,41886,1726959.78
11786,20100730,9588,43.19,135867,0.047538,41944,1811561.36
11786,20100831,9588,37.17,100590,-0.139384,41944,1559058.48
11786,20100930,9588,42.32,90005,0.138553,41965,1775958.8
11786,20101029,9588,43.34,113853,0.024102,41993,1819976.62
11786,20101130,9588,44.93,84124,0.036687,41993,1886745.49
11786,20101231,9588,53.05,102545,0.180726,42268,2242317.4
11786,20110131,9588,52.47,141998,-0.010933,42420,2225777.4
11786,20110228,9588,54.18,77792,0.03259,42420,2298315.6
11786,20110331,9588,56.93,162886,0.050757,42698,2430797.14
11786,20110429,9588,60.44,119968,0.061655,42887,2592090.28
11786,20110531,9588,59.38,81990,-0.017538,42887,2546630.06
11786,20110630,9588,59.71,104909,0.005557,43136,2575650.56
11786,20110729,9588,61.02,104628,0.021939,43220,2637284.4
11786,20110831,9588,46.08,191824,-0.244838,43220,1991577.6
11786,20110930,9588,37,124425,-0.197049,43269,1600953
11786,20111031,9588,45.94,197291,0.241622,43343,1991177.42
11786,20111130,9588,47.04,88043,0.023944,43343,2038854.72
11786,20111230,9588,47.69,69001,0.013818,43508,2074896.52
11786,20120131,9588,58.04,114027,0.217027,43636,2532633.44
11786,20120229,9588,59.28,90580,0.021365,43789,2595811.92
11786,20120330,9588,64.34,104449,0.085358,44087,2836557.58
11786,20120430,9588,64.09,67535,-0.003886,44215,2833739.35
11786,20120531,9588,59.66,67822,-0.069121,44215,2637866.9
11786,20120629,9588,58.72,139039,-0.015756,44403,2607344.16
11786,20120731,9588,57.81,54714,-0.015497,44410,2567342.1
11786,20120831,9588,57.99,59896,0.003114,44410,2575335.9
11786,20120928,9588,60.46,55486,0.042594,44511,2691135.06
11786,20121031,9588,56.59,51388,-0.064009,44517,2519217.03
11786,20121130,9588,55.22,49195,-0.024209,44517,2458228.74
11786,20121231,9588,55.97,47612,0.013582,44627,2497773.19
11786,20130131,9588,66.37,69240,0.185814,44759,2970654.83
11786,20130228,9588,67.06,66050,0.010396,44759,3001538.54
11786,20130328,9588,70.94,47316,0.057859,44970,3190171.8
11786,20130430,9588,71.11,53029,0.002396,45079,3205567.69
11786,20130531,9588,77.39,39801,0.088314,45079,3488663.81
11786,20130628,9588,83.32,68787,0.076625,45461,3787810.52
11786,20130731,9588,87.234,79098,0.046976,45551,3973595.934
11786,20130830,9588,82.8,42000,-0.050829,45551,3771622.8
11786,20130930,9588,86.37,58144,0.043116,45608,3939162.96
11786,20131031,9588,95.78,72439,0.10895,45666,4373889.48
11786,20131129,9588,101.24,41141,0.057006,45666,4623225.84
11786,20131231,9588,104.86,50432,0.035757,45800,4802588
11786,20140131,9588,112.23,73529,0.070284,45800,5140134
11786,20140228,9588,125.91,58499,0.121893,45863,5774610.33
11786,20140331,9588,128.78,81881,0.022794,45935,5915509.3
11786,20140430,9588,106.69,99362,-0.171533,46035,4911474.15
11786,20140530,9588,105.45,169858,-0.011623,50520,5327334
11786,20140630,9588,116.62,99627,0.105927,50695,5912050.9
11786,20140731,9588,109.02,81935,-0.065169,50732,5530802.64
11786,20140829,9588,111.32,69853,0.021097,50732,5647486.24
11786,20140930,9588,112.09,72725,0.006917,50821,5696525.89
11786,20141031,9588,111.99,117106,-0.000892,50849,5694579.51
11786,20141128,9588,105.15,47805,-0.061077,50849,5346772.35
11786,20141231,9588,116.07,89644,0.103852,50925,5910864.75
11786,20150130,9588,112.9,86300,-0.027311,50963,5753722.7
11786,20150227,9588,122.9,78249,0.088574,51021,6270480.9
11786,20150331,9588,127.04,81039,0.033686,51095,6491108.8
11786,20150430,9588,132.75999,70416,0.045025,51240,6802621.888
11786,20150529,9588,134.91,58581,0.016195,51240,6912788.4
11786,20150630,9588,143.98,78782,0.06723,51461,7409354.78
11786,20150731,9588,143.10001,87320,-0.006112,51476,7366216.115
11786,20150831,9588,125.08,121458,-0.125926,51476,6438618.08
11786,20150930,9588,115.54,91380,-0.076271,51489,5949039.06
11786,20151030,9588,122.07,130538,0.056517,51493,6285750.51
11786,20151130,9588,132.48,89392,0.085279,51493,6821792.64
11786,20151231,9588,118.9,134422,-0.102506,51610,6136429
11786,20160129,9588,101.32,201153,-0.147855,51610,5229125.2
11786,20160229,9588,88.85,181691,-0.123075,51629,4587236.65
11786,20160331,9588,102.05,155125,0.148565,51701,5276087.05
11786,20160429,9588,104.28,143521,0.021852,51805,5402225.4
11786,20160531,9588,110.2,129756,0.05677,51805,5708911
11786,20160630,9588,95.16,162828,-0.136479,52026,4950794.16
11786,20160729,9588,100.42,112305,0.055275,52038,5225655.96
11786,20160831,9588,111.06,93285,0.105955,52038,5779340.28
11786,20160930,9588,110.54,87190,-0.004682,52061,5754822.94
11786,20161031,9588,122.27,124316,0.106115,52088,6368799.76
11786,20161130,9588,158.03,130448,0.292468,52088,8231466.64
11786,20161230,9588,171.66,101046,0.086249,52254,8969921.64
11786,20170131,9588,172.23,108574,0.00332,52310,9009351.3
11786,20170228,9588,190.89,83976,0.108344,52362,9995382.18
11786,20170331,9588,186.09,142817,-0.025145,52428,9756326.52
11786,20170428,9588,175.94,94965,-0.054543,52495,9235970.3
11786,20170531,9588,170.5,142845,-0.03092,52495,8950397.5
11786,20170630,9588,175.78999,111738,0.031026,52684,9261319.833
11786,20170731,9588,178.44,93242,0.015075,52693,9402538.92
11786,20170831,9588,169.34,86984,-0.050998,52693,8923032.62
11786,20170929,9588,187.09,81954,0.104819,52724,9864133.16
11786,20171031,9588,219.28,97796,0.172056,52741,11565046.48
11786,20171130,9588,227.64,78895,0.038125,52741,12005961.24
11786,20171229,9588,233.77,99383,0.026929,52835,12351237.95
11786,20180131,9588,246.55,85154,0.054669,52874,13036084.7
11786,20180228,9588,248.98,81686,0.009856,52874,13164568.52
11786,20180329,9588,240.00999,230943,-0.036027,52922,12701808.69
11786,20180430,9588,299.60999,129103,0.248323,52974,15871539.61
11786,20180531,9588,312.13,111817,0.041788,52974,16534774.62
11786,20180629,9588,288.76001,107982,-0.074873,53211,15365208.89
11786,20180731,9588,307.88,100328,0.066214,53214,16383526.32
11786,20180831,9588,322.75,83691,0.048298,53214,17174818.5
11786,20180928,9588,310.82999,70084,-0.036933,53250,16551696.97
11786,20181031,9588,237.23,189714,-0.236785,53251,12632734.73
11786,20181130,9588,254.81,136870,0.074105,53251,13568887.31
11786,20181231,9588,189.92,176784,-0.25466,52586,9987133.12
11786,20190131,9588,233.38,140787,0.228833,52631,12283022.78
11786,20190228,9588,247.16,79211,0.059045,52644,13011491.04
11786,20190329,9588,222.36,99043,-0.10034,52322,11634319.92
11786,20190430,9588,251.72,99901,0.132038,52027,13096236.44
11786,20190531,9588,201.39999,94788,-0.199905,52027,10478237.28
11786,20190628,9588,224.59,108320,0.115144,51562,11580309.58
11786,20190731,9588,231.97,113822,0.03286,51539,11955501.83
11786,20190830,9588,194.62,117157,-0.161012,51539,10030520.18
11786,20190930,9588,208.95,104941,0.073631,51556,10772626.2
11786,20191031,9588,221.48,117803,0.059966,51568,11421280.64
11786,20191129,9588,231.73,77748,0.04628,51568,11949852.64
11786,20191231,9588,251.03999,82950,0.08333,51656,12967721.72
11786,20200131,9588,240.33,104754,-0.042662,51623,12406555.59
11786,20200228,9588,208.16,96558,-0.133858,51547,10730023.52
11786,20200331,9588,151.08,218517,-0.274212,51490,7779109.2
11786,20200430,9588,193.17,108106,0.278594,51513,9950766.21
11786,20200529,9588,214.75,101989,0.111715,51513,11062416.75
11786,20200630,9588,215.53,96223,0.003632,51741,11151737.73
11786,20200731,9588,224.27,65658,0.040551,51761,11608439.47
11786,20200831,9588,255.38,50716,0.138717,51761,13218724.18
11786,20200930,9588,240.62,73629,-0.057796,51788,12461228.56
11786,20201030,9588,290.70001,68850,0.208129,51797,15057388.42
11786,20201130,9588,344.85999,80492,0.186309,51797,17862712.9
11786,20201231,9588,387.82999,67641,0.124601,51888,20123722.52
11786,20210129,9588,437.78,108898,0.128794,51950,22742671
11786,20210226,9588,505.35999,71161,0.15437,51950,26253451.48
11786,20210331,9588,493.66,147165,-0.023152,54002,26658627.32
11786,20210430,9588,571.83002,107386,0.158348,54315,31058947.54
11786,20210528,9588,582.89001,70014,0.019341,54315,31659670.89
11786,20210630,9588,556.42999,80560,-0.045395,54530,30342127.35
11786,20210730,9588,549.96002,80371,-0.011628,56437,31038093.65
11786,20210831,9588,559.5,92350,0.017347,56757,31755541.5
11786,20210930,9588,646.88,82341,0.156175,58677,37956977.76
11786,20211029,9588,717.40002,70124,0.109016,58687,42102054.97
11786,20211130,9588,692.33002,64091,-0.034946,58687,40630771.88
11786,20211231,9588,678.23999,70379,-0.020352,58748,39845242.93
11786,20220131,9588,583.90002,111562,-0.139095,58803,34335072.88
11786,20220228,9588,606,87007,0.037849,58810,35638860
11786,20220331,9588,559.45001,123150,-0.076815,58840,32918038.59
11786,20220429,9588,487.64001,119773,-0.128358,58851,28698102.23
11786,20220531,9588,488.57001,136445,0.001907,58851,28752833.66
11786,20220630,9588,394.98999,126209,-0.191539,59081,23336403.6
11786,20220729,9588,403.54999,114820,0.021671,59082,23842540.51
11786,20220831,9588,406.51999,99512,0.00736,59082,24018014.05
11786,20220930,9588,335.78,118603,-0.174014,59104,19845941.12
11786,20221031,9588,230.96001,250761,-0.312169,59104,13650660.43
11786,20221130,9588,231.78,227354,0.00355,59104,13699125.12
11786,20221230,9588,230.14,216586,-0.007076,59104,13602194.56
15579,20100129,21737,22.5,3167973,-0.132003,1241889,27942502.5
15579,20100226,21737,24.38,3009160,0.083556,1241889,30277253.82
15579,20100331,21737,24.47,3355408,0.003692,1241952,30390565.44
15579,20100430,21737,26.01,3294086,0.067838,1241952,32303171.52
15579,20100528,21737,24.42,3729733,-0.06113,1222226,29846758.92
15579,20100630,21737,23.28,3394249,-0.046683,1222226,28453421.28
15579,20100730,21737,24.69,2950907,0.065722,1195195,29509364.55
15579,20100831,21737,23.02,2848649,-0.067639,1195195,27513388.9
15579,20100930,21737,27.14,2906638,0.178975,1195195,32437592.3
15579,20101029,21737,29.57,3140167,0.094326,1195195,35341916.15
15579,20101130,21737,31.8,2562368,0.075414,1174157,37338192.6
15579,20101231,21737,32.5,2046292,0.022013,1174157,38160102.5
15579,20110131,21737,33.91,1734536,0.047385,1174157,39815663.87
15579,20110228,21737,35.61,1732900,0.050133,1172051,41736736.11
15579,20110331,21737,34.56,2539730,-0.029486,1169002,40400709.12
15579,20110429,21737,35.53,2510913,0.031829,1169002,41534641.06
15579,20110531,21737,35.3,1676071,-0.006473,1161169,40989265.7
15579,20110630,21737,32.83,2175181,-0.069972,1161169,38121178.27
15579,20110729,21737,29.75,2226294,-0.089857,1161169,34544777.75
15579,20110831,21737,26.21,3493541,-0.118992,1155321,30280963.41
15579,20110930,21737,26.65,2929858,0.016788,1142650,30451622.5
15579,20111031,21737,30.73,3026260,0.159475,1155321,35503014.33
15579,20111130,21737,30.1,2353579,-0.020501,1142650,34393765
15579,20111230,21737,29.11,2042546,-0.03289,1139499,33170815.89
15579,20120131,21737,32.38,2242777,0.118172,1142650,36999007
15579,20120229,21737,33.35,1588402,0.029957,1142083,38088468.05
15579,20120330,21737,33.61,1759878,0.007796,1144353,38461704.33
15579,20120430,21737,31.94,2195604,-0.04463,1144353,36550634.82
15579,20120531,21737,28.48,1818177,-0.108328,1144353,32591173.44
15579,20120629,21737,28.69,1999780,0.007374,1137758,32642277.02
15579,20120731,21737,27.24,1739869,-0.044615,1137758,30992527.92
15579,20120831,21737,29.04,1831207,0.066079,1137758,33040492.32
15579,20120928,21737,27.555,1775300,-0.051136,1120803,30883726.67
15579,20121031,21737,28.09,2020522,0.027037,1120803,31483356.27
15579,20121130,21737,29.47,1879446,0.049128,1120803,33030064.41
15579,20121231,21737,30.89,1523648,0.048185,1108179,34231649.31
15579,20130131,21737,33.08,1782416,0.077695,1104787,36546353.96
15579,20130228,21737,34.428,1965686,0.04075,1106587,38097577.24
15579,20130328,21737,35.48,1877265,0.030556,1109154,39352783.92
15579,20130430,21737,36.21,2242467,0.028467,1109154,40162466.34
15579,20130531,21737,35.91,1957198,-0.008285,1109154,39829720.14
15579,20130628,21737,34.85,1601043,-0.029518,1101173,38375879.05
15579,20130731,21737,39.18,1701051,0.132281,1101173,43143958.14
15579,20130830,21737,38.2,1342186,-0.025013,1101173,42064808.6
15579,20130930,21737,40.29,1036347,0.054712,1094563,44099943.27
15579,20131031,21737,42.085,1755274,0.051998,1094563,46064683.86
15579,20131129,21737,43,983439,0.021742,1094563,47066209
15579,20131231,21737,43.91,949840,0.021163,1082803,47545879.73
15579,20140131,21737,42.4,1447936,-0.027556,1084214,45970673.6
15579,20140228,21737,44.96,1175536,0.060377,1081741,48635075.36
15579,20140331,21737,47.16,1408368,0.048932,1079351,50902193.16
15579,20140430,21737,45.45,1550554,-0.029898,1079351,49056502.95
15579,20140530,21737,46.98,1130226,0.033663,1079351,50707909.98
15579,20140630,21737,47.79,858845,0.017241,1067556,51018501.24
15579,20140731,21737,46.25,1356096,-0.025947,1067556,49374465
15579,20140829,21737,48.18,985978,0.04173,1067556,51434848.08
15579,20140930,21737,47.69,989277,-0.01017,1056300,50374947
15579,20141031,21737,49.66,2432345,0.048438,1056300,52455858
15579,20141128,21737,54.42,947604,0.095852,1056300,57483846
15579,20141231,21737,53.465,1209964,-0.017549,1046627,55957912.56
15579,20150130,21737,53.45,1178018,0.006079,1046627,55942213.15
15579,20150227,21737,58.8,1038102,0.100094,1046627,61541667.6
15579,20150331,21737,57.185,1128419,-0.027466,1044414,59724814.59
15579,20150430,21737,54.21,1212678,-0.046079,1040363,56398078.23
15579,20150529,21737,55.92,1052238,0.031544,1040363,58177098.96
15579,20150630,21737,51.51,1173717,-0.078863,1034102,53266594.02
15579,20150731,21737,49.98,1962162,-0.023102,1026386,51298772.28
15579,20150831,21737,47.84,1875249,-0.042817,1026386,49102306.24
15579,20150930,21737,49.52,1632910,0.035117,1019630,50492077.6
15579,20151030,21737,56.72,1886472,0.153069,1014412,57537448.64
15579,20151130,21737,58.12,957011,0.024683,1014412,58957625.44
15579,20151231,21737,54.81,1169491,-0.056951,1011268,55427599.08
15579,20160129,21737,52.93,1726537,-0.027367,1011268,53526415.24
15579,20160229,21737,53.02,1400303,0.0017,1005258,53298779.16
15579,20160331,21737,57.42,908378,0.082988,1006572,57797364.24
15579,20160429,21737,57.04,1063576,0,1004227,57281108.08
15579,20160531,21737,60.6,1031661,0.062412,1004227,60856156.2
15579,20160630,21737,62.65,1177329,0.033828,1003348,62859752.2
15579,20160729,21737,69.75,1379901,0.119393,1003210,69973897.5
15579,20160831,21737,69.54,983407,-0.003011,1003210,69763223.4
15579,20160930,21737,70.18,954363,0.009203,1001122,70258741.96
15579,20161031,21737,70.85,1048131,0.009547,999486,70813583.1
15579,20161130,21737,73.93,1169661,0.050529,999486,73891999.98
15579,20161230,21737,72.97,1037296,-0.012985,995984,72676952.48
15579,20170131,21737,75.54,1224154,0.042072,995984,75236631.36
15579,20170228,21737,76.62,945361,0.014297,999640,76592416.8
15579,20170331,21737,80.56,1129011,0.051423,997730,80377128.8
15579,20170428,21737,79.18,967178,-0.010924,996324,78888934.32
15579,20170531,21737,82.49,942505,0.041803,996324,82186766.76
15579,20170630,21737,76.93,1017643,-0.067402,991717,76292788.81
15579,20170731,21737,81.38,912284,0.064344,990039,80569373.82
15579,20170831,21737,82.82,862486,0.017695,990039,81995029.98
15579,20170929,21737,89.64,881065,0.082347,986357,88417041.48
15579,20171031,21737,96.69,907281,0.085565,985561,95293893.09
15579,20171130,21737,97.29,764719,0.006205,985561,95885229.69
15579,20171229,21737,104.44,959212,0.073492,983159,102681126
15579,20180131,21737,109.67,1470362,0.056013,983159,107823047.5
15579,20180228,21737,108.35,1321072,-0.012036,983106,106519535.1
15579,20180329,21737,103.89,1126804,-0.041163,981718,101990683
15579,20180430,21737,101.43,1236080,-0.023679,978918,99291652.74
15579,20180531,21737,111.91,959310,0.109435,978918,109550713.4
15579,20180629,21737,110.25,924019,-0.014833,974366,107423851.5
15579,20180731,21737,111.32,912538,0.015329,972195,108224747.4
15579,20180831,21737,112.4,951050,0.009702,972195,109274718
15579,20180928,21737,107.29,1180789,-0.045463,964863,103520151.3
15579,20181031,21737,92.83,2195871,-0.127598,960543,89167206.69
15579,20181130,21737,99.85,1394182,0.075622,960543,95910218.55
15579,20181231,21737,94.5,1419345,-0.05358,960543,90771313.5
15579,20190131,21737,100.68,1577540,0.073545,960543,96707469.24
15579,20190228,21737,105.78,974785,0.050656,938618,99287012.04
15579,20190329,21737,106.07,996471,0.002742,938799,99578409.93
15579,20190430,21737,117.83,1090199,0.11087,938206,110548813
15579,20190531,21737,104.31,1054437,-0.108207,938206,97864267.86
15579,20190628,21737,114.76,895808,0.100182,934565,107250679.4
15579,20190731,21737,125.01,1082236,0.096026,933620,116711836.2
15579,20190830,21737,123.75,1052568,-0.010079,933620,115535475
15579,20190930,21737,129.24001,808124,0.044364,935178,120862414.1
15579,20191031,21737,117.99,1164256,-0.080084,934775,110294102.3
15579,20191129,21737,120.21,905922,0.018815,934775,112369302.8
15579,20191231,21737,128.28999,833818,0.067216,932032,119570376
15579,20200131,21737,120.65,1110603,-0.052537,932032,112449660.8
15579,20200228,21737,114.14,938243,-0.053958,933685,106570805.9
15579,20200331,21737,99.93,2219080,-0.124496,921481,92083596.33
15579,20200430,21737,116.07,1396178,0.161513,917773,106525912.1
15579,20200529,21737,118.74,923172,0.030757,917773,108976366
15579,20200630,21737,126.97,1160938,0.069311,915591,116252589.3
15579,20200731,21737,127.55,1078365,0.011656,915944,116828657.2
15579,20200831,21737,142.14999,734974,0.114465,915944,130201430.4
15579,20200930,21737,142.78999,927066,0.004502,917641,131029949.2
15579,20201030,21737,144.59,916335,0.019749,917942,132725233.8
15579,20201130,21737,161.25,752569,0.115222,917942,148018147.5
15579,20201231,21737,164.13,862153,0.01786,919354,150893572
15579,20210129,21737,165.69,940937,0.015719,920239,152474399.9
15579,20210226,21737,172.27,857999,0.039713,923008,159006588.2
15579,20210331,21737,188.99001,1199807,0.097057,923243,174483703.8
15579,20210430,21737,180.50999,940894,-0.039473,923524,166705308
15579,20210528,21737,189.82001,953660,0.051576,923524,175303334.9
15579,20210630,21737,192.3,748050,0.013065,923087,177509630.1
15579,20210730,21737,190.62,874436,-0.003432,923210,175982290.2
15579,20210831,21737,190.91,690539,0.001521,923210,176250021.1
15579,20210930,21737,192.21001,685744,0.00681,923415,177489606.4
15579,20211029,21737,187.48,829466,-0.018626,923526,173142654.5
15579,20211130,21737,192.37,933321,0.026083,923526,177658696.6
15579,20211231,21737,188.47,1007881,-0.020273,924000,174146280
15579,20220131,21737,179.49001,1351189,-0.041545,923547,165767460.3
15579,20220228,21737,169.99001,1336795,-0.052928,923547,156993763.8
15579,20220331,21737,183.48,1255401,0.079358,922000,169168560
15579,20220429,21737,170.25,1198334,-0.072106,922134,156993313.5
15579,20220531,21737,176.75999,1286505,0.044993,922134,162996396.6
15579,20220630,21737,153.64999,1213031,-0.130742,915000,140589740.9
15579,20220729,21737,178.89,1160500,0.171754,913707,163453045.2
15579,20220831,21737,165.21001,1068308,-0.076472,913707,150953542.6
15579,20220930,21737,154.78,1241692,-0.063132,910000,140849800
15579,20221031,21737,160.63,1442551,0.045807,907572,145783290.4
15579,20221130,21737,180.46001,1180016,0.123451,907572,163780452.2
15579,20221230,21737,165.22,986736,-0.084451,907572,149949045.8
19502,20100129,21881,36.05,1275942,-0.018246,985174,35515522.7
19502,20100226,21881,35.24,1672841,-0.018655,985174,34717531.76
19502,20100331,21881,37.09,1875513,0.052497,978429,36289931.61
19502,20100430,21881,35.15,1193341,-0.052305,978429,34391779.35
19502,20100528,21881,32.04,1649812,-0.084566,978429,31348865.16
19502,20100630,21881,26.7,3314981,-0.166667,973178,25983852.6
19502,20100730,21881,28.55,2413565,0.069288,973178,27784231.9
19502,20100831,21881,26.88,1653182,-0.052364,973178,26159024.64
19502,20100930,21881,33.5,1670821,0.24628,973178,32601463
19502,20101029,21881,33.88,1349712,0.011343,929744,31499726.72
19502,20101130,21881,34.85,1350645,0.033796,925764,32262875.4
19502,20101231,21881,38.96,1632149,0.117934,925764,36067765.44
19502,20110131,21881,40.44,1328871,0.037988,922415,37302462.6
19502,20110228,21881,43.34,1130473,0.076039,922415,39977466.1
19502,20110331,21881,40.14,1884829,-0.073835,922415,37025738.1
19502,20110429,21881,42.72,1005889,0.064275,915459,39108408.48
19502,20110531,21881,43.63,1224911,0.025398,915459,39941476.17
19502,20110630,21881,42.46,1694226,-0.026816,905419,38444090.74
19502,20110729,21881,39.04,1493732,-0.080546,905419,35347557.76
19502,20110831,21881,35.21,2268427,-0.092341,905419,31879802.99
19502,20110930,21881,32.89,1798560,-0.06589,905419,29779230.91
19502,20111031,21881,33.2,1588597,0.009425,889294,29524560.8
19502,20111130,21881,33.72,1871293,0.02244,877862,29601506.64
19502,20111230,21881,33.06,1928364,-0.019573,873502,28877976.12
19502,20120131,21881,33.36,1636289,0.009074,873502,29140026.72
19502,20120229,21881,33.16,2072527,0.000749,873502,28965326.32
19502,20120330,21881,33.49,1913109,0.009952,862751,28893530.99
19502,20120430,21881,35.06,1778017,0.04688,862751,30248050.06
19502,20120531,21881,30.52,1469955,-0.123075,862751,26331160.52
19502,20120629,21881,29.58,2442363,-0.030799,858465,25393394.7
19502,20120731,21881,36.36,2462635,0.229209,858465,31213787.4
19502,20120831,21881,35.76,1392502,-0.008938,941858,33680842.08
19502,20120928,21881,36.44,1392169,0.019016,941858,34321305.52
19502,20121031,21881,35.23,1327330,-0.033205,944055,33259057.65
19502,20121130,21881,33.91,1258345,-0.029662,945754,32070518.14
19502,20121231,21881,37.01,1484365,0.091418,945105,34978336.05
19502,20130131,21881,39.96,1450409,0.079708,945105,37766395.8
19502,20130228,21881,40.94,1117216,0.031406,945105,38692598.7
19502,20130328,21881,47.68,1554935,0.164631,947485,45176084.8
19502,20130430,21881,49.51,1164768,0.038381,947485,46909982.35
19502,20130531,21881,47.76,1227144,-0.029792,947485,45251883.6
19502,20130628,21881,44.2,1344479,-0.074539,945004,41769176.8
19502,20130731,21881,50.25,1395798,0.136878,945004,47486451
19502,20130830,21881,48.07,756957,-0.037114,945004,45426342.28
19502,20130930,21881,53.8,1283491,0.119201,945004,50841215.2
19502,20131031,21881,59.24,1354863,0.101115,946596,56076347.04
19502,20131129,21881,59.2,889914,0.004642,949690,56221648
19502,20131231,21881,57.44,1226976,-0.02973,950171,54577822.24
19502,20140131,21881,57.35,1328795,-0.001567,950171,54492306.85
19502,20140228,21881,67.95,1589859,0.190323,950171,64564119.45
19502,20140331,21881,66.03,1338591,-0.028256,954331,63014475.93
19502,20140430,21881,67.9,1350067,0.028321,954331,64799074.9
19502,20140530,21881,71.91,1010322,0.063697,954331,68625942.21
19502,20140630,21881,74.13,1272767,0.030872,954331,70744557.03
19502,20140731,21881,68.77,1225806,-0.072305,956561,65782699.97
19502,20140829,21881,60.52,2929171,-0.115057,956561,57891071.72
19502,20140930,21881,59.27,1624539,-0.020654,956561,56695370.47
19502,20141031,21881,64.22,1388947,0.083516,950387,61033853.14
19502,20141128,21881,68.61,796908,0.073614,945496,64870480.56
19502,20141231,21881,76.2,1379809,0.110625,1089976,83056171.2
19502,20150130,21881,73.75,791067,-0.032152,1089976,80385730
19502,20150227,21881,83.08,864724,0.131085,1092762,90786666.96
19502,20150331,21881,84.68,1395992,0.019259,1090757,92365302.76
19502,20150430,21881,82.93,1166311,-0.020666,1090757,90456478.01
19502,20150529,21881,85.84,531432,0.039159,1091968,93734533.12
19502,20150630,21881,84.44,795098,-0.016309,1092283,92232376.52
19502,20150731,21881,96.63,844872,0.144363,1092283,105547306.3
19502,20150831,21881,86.55,921084,-0.10059,1089910,94331710.5
19502,20150930,21881,83.1,924618,-0.039861,1088794,90478781.4
19502,20151030,21881,84.68,1252672,0.019013,1088794,92199075.92
19502,20151130,21881,84.03,987347,-0.003425,1085656,91227673.68
19502,20151231,21881,85.155,879460,0.013388,1078747,91860700.79
19502,20160129,21881,79.72,1142506,-0.063825,1078747,85997710.84
19502,20160229,21881,78.94,941534,-0.005268,1079660,85228360.4
19502,20160331,21881,84.24,727847,0.06714,1080246,90999923.04
19502,20160429,21881,79.28,959717,-0.058879,1080246,85641902.88
19502,20160531,21881,77.4,1009117,-0.019173,1081802,83731474.8
19502,20160630,21881,83.27,1152998,0.07584,1082317,90124536.59
19502,20160729,21881,79.25,1046470,-0.048277,1082317,85773622.25
19502,20160831,21881,80.71,892446,0.023155,1082987,87407880.77
19502,20160930,21881,80.62,958758,-0.001115,1083283,87334275.46
19502,20161031,21881,82.73,875754,0.026172,1083283,89620002.59
19502,20161130,21881,84.73,1081527,0.028708,1079100,91432143
19502,20161230,21881,82.76,765210,-0.02325,1079410,89331971.6
19502,20170131,21881,81.94,882662,-0.009908,1079410,88446855.4
19502,20170228,21881,86.38,697559,0.058762,1080695,93350434.1
19502,20170331,21881,83.05,735218,-0.038551,1080951,89772980.55
19502,20170428,21881,86.54,821644,0.042023,1080951,93545499.54
19502,20170531,21881,81.02,859142,-0.059452,1070096,86699177.92
19502,20170630,21881,78.31,1402448,-0.033449,1070096,83799217.76
19502,20170731,21881,80.67,1076179,0.030137,1070096,86324644.32
19502,20170831,21881,81.5,1006798,0.015247,1023849,83443693.5
19502,20170929,21881,77.22,1344643,-0.052515,1009549,77957373.78
19502,20171031,21881,66.27,2071652,-0.141803,1009549,66902812.23
19502,20171130,21881,72.76,1594130,0.103969,990446,72064850.96
19502,20171229,21881,72.62,1204021,-0.001924,990669,71942382.78
19502,20180131,21881,75.26,1274563,0.036354,990669,74557748.94
19502,20180228,21881,68.89,1060962,-0.079325,991666,68315870.74
19502,20180329,21881,65.47,1226385,-0.049644,991666,64924373.02
19502,20180430,21881,66.45,1199162,0.014969,991666,65896205.7
19502,20180531,21881,62.39,1028870,-0.055079,992412,61916584.68
19502,20180629,21881,60.015,1903675,-0.038067,992412,59559606.18
19502,20180731,21881,67.62,1806821,0.126718,992412,67106899.44
19502,20180831,21881,68.56,1247640,0.020408,992412,68039766.72
19502,20180928,21881,72.9,904485,0.063302,949164,69194055.6
19502,20181031,21881,79.77,1683829,0.094239,949164,75714812.28
19502,20181130,21881,84.67,1184264,0.066942,943445,79881488.15
19502,20181231,21881,68.33,1556811,-0.192984,943445,64465596.85
19502,20190131,21881,72.26,1104058,0.057515,943445,68173335.7
19502,20190228,21881,71.19,932570,-0.008719,914176,65080189.44
19502,20190329,21881,63.27,1516652,-0.111252,914299,57847697.73
19502,20190430,21881,53.57,2012617,-0.153311,914299,48978997.43
19502,20190531,21881,49.34,1114750,-0.070749,903143,44561075.62
19502,20190628,21881,54.67,1218126,0.108026,903143,49374827.81
19502,20190731,21881,54.49,932437,-0.003292,903143,49212262.07
19502,20190830,21881,51.19,1031639,-0.052166,895388,45834911.72
19502,20190930,21881,55.31,1005763,0.080485,892541,49366442.71
19502,20191031,21881,54.78,1048221,-0.009582,892541,48893395.98
19502,20191129,21881,59.6,1630295,0.09634,888090,52930164
19502,20191231,21881,58.96,881154,-0.010738,885862,52230423.52
19502,20200131,21881,50.85,1214593,-0.137551,885862,45046082.7
19502,20200228,21881,45.76,1047583,-0.091101,880397,40286966.72
19502,20200331,21881,45.75,2227500,-0.000218,877220,40132815
19502,20200430,21881,43.29,1424178,-0.05377,877220,37974853.8
19502,20200529,21881,42.94,1522084,0.002483,870179,37365486.26
19502,20200630,21881,42.39,1300179,-0.012809,866534,36732376.26
19502,20200731,21881,40.71,1641371,-0.039632,866534,35276599.14
19502,20200831,21881,38.02,1174474,-0.054593,865604,32910264.08
19502,20200930,21881,35.92,1606295,-0.055234,865916,31103702.72
19502,20201030,21881,34.04,1472227,-0.052338,865916,29475780.64
19502,20201130,21881,38.01,1956144,0.130361,863902,32836915.02
19502,20201231,21881,39.88,1528004,0.049198,864042,34457994.96
19502,20210129,21881,50.25,1624994,0.26003,864042,43418110.5
19502,20210226,21881,47.93,972009,-0.036866,864394,41430404.42
19502,20210331,21881,54.9,1457115,0.14542,864394,47455230.6
19502,20210430,21881,53.1,1030698,-0.032787,864394,45899321.4
19502,20210528,21881,52.66,1042521,0.000518,864882,45544686.12
19502,20210630,21881,52.61,977702,-0.000949,864987,45506966.07
19502,20210730,21881,47.15,1594796,-0.103783,864987,40784137.05
19502,20210831,21881,50.75,1038755,0.086479,865374,43917730.5
19502,20210930,21881,47.05,1075000,-0.072906,865612,40727044.6
19502,20211029,21881,47.02,1372729,-0.000638,865612,40701076.24
19502,20211130,21881,44.8,1307789,-0.037059,863842,38700121.6
19502,20211231,21881,52.16,1245110,0.164286,863272,45028267.52
19502,20220131,21881,49.76,1433125,-0.046012,863272,42956414.72
19502,20220228,21881,46.09,1191822,-0.064158,863773,39811297.57
19502,20220331,21881,44.77,1617999,-0.02864,863773,38671117.21
19502,20220429,21881,42.4,1535967,-0.052937,863773,36623975.2
19502,20220531,21881,43.83,1583506,0.044988,864257,37880384.31
19502,20220630,21881,37.9,1375428,-0.135295,864257,32755340.3
19502,20220729,21881,39.62,1209206,0.045383,864257,34241862.34
19502,20220831,21881,35.06,1495193,-0.102978,864639,30314243.34
19502,20220930,21881,31.4,1555163,-0.104393,864813,27155128.2
19502,20221031,21881,36.5,1888067,0.16242,864813,31565674.5
19502,20221130,21881,41.5,1405951,0.150137,864813,35889739.5
19502,20221230,21881,37.36,1114764,-0.099759,864813,32309413.68
39538,20100129,21168,19.72,1172922,-0.013013,361900,7136668
39538,20100226,21168,21.99,1058826,0.115112,363658,7996839.42
39538,20100331,21168,22.74,998684,0.034106,364600,8291004
39538,20100430,21168,23.02,1079017,0.012313,364740,8396314.8
39538,20100528,21168,21.66,1267018,-0.059079,364740,7900268.4
39538,20100630,21168,21.16,1286085,-0.023084,360100,7619716
39538,20100730,21168,21.16,1267463,0,359724,7611759.84
39538,20100831,21168,20.99,950244,-0.008034,359724,7550606.76
39538,20100930,21168,23.46,948454,0.117675,359500,8433870
39538,20101029,21168,23.33,1335037,-0.005541,358829,8371480.57
39538,20101130,21168,25.84,1302832,0.107587,358829,9272141.36
39538,20101231,21168,25.43,834684,0.016254,349100,8877613
39538,20110131,21168,23.68,827062,-0.068816,349100,8266688
39538,20110228,21168,25.06,739829,0.06799,348682,8737970.92
39538,20110331,21168,24.93,815781,-0.005188,347100,8653203
39538,20110429,21168,26.72,933602,0.071801,347588,9287551.36
39538,20110531,21168,26.395,699262,-0.003555,347588,9174585.26
39538,20110630,21168,27.49,761964,0.041485,344300,9464807
39538,20110729,21168,26.66,803610,-0.030193,342890,9141447.4
39538,20110831,21168,26.87,1126846,0.016504,342890,9213454.3
39538,20110930,21168,25.89,966844,-0.036472,339600,8792244
39538,20111031,21168,28.24,938661,0.090769,338646,9563363.04
39538,20111130,21168,28.81,594477,0.028329,338646,9756391.26
39538,20111230,21168,27.76,530233,-0.036446,337000,9355120
39538,20120131,21168,31,708204,0.116715,337000,10447000
39538,20120229,21168,32.44,835977,0.056452,338998,10997095.12
39538,20120330,21168,33.66,482188,0.037608,340500,11461230
39538,20120430,21168,33.6,755889,-0.001783,340579,11443454.4
39538,20120531,21168,31.13,783280,-0.064286,340579,10602224.27
39538,20120629,21168,32.44,484709,0.042082,340900,11058796
39538,20120731,21168,35.17,704946,0.084155,340929,11990472.93
39538,20120831,21168,35.14,391196,0.007961,340929,11980245.06
39538,20120928,21168,35.47,452369,0.009391,342800,12159116
39538,20121031,21168,36.78,474902,0.036933,343133,12620431.74
39538,20121130,21168,37.51,362123,0.028276,343133,12870918.83
39538,20121231,21168,36.62,401277,-0.023727,342300,12535026
39538,20130131,21168,37.63,629437,0.027581,342300,12880749
39538,20130228,21168,40.75,592237,0.092479,344512,14038864
39538,20130328,21168,43.77,461037,0.07411,345200,15109404
39538,20130430,21168,45.66,599675,0.04318,345398,15770872.68
39538,05312013,21168,44.75,363423,-0.012046,345398,15456560.5
39538,20130628,21168,45.31,396558,0.012514,345200,15641012
39538,20130731,21168,42.03,665395,-0.07239,344556,14481688.68
39538,20130830,21168,40.5,484786,-0.027837,344556,13954518
39538,20130930,21168,41.88,392803,0.034074,340300,14251764
39538,20131031,21168,44.379,698453,0.059671,338434,15019362.49
39538,20131129,21168,46.27,416541,0.050722,338434,15659341.18
39538,20131231,21168,47.58,418095,0.028312,339300,16143894
39538,20140131,21168,37.84,879684,-0.204708,339300,12839112
39538,20140228,21168,37.31,1022248,-0.003964,340361,12698868.91
39538,20140331,21168,40.11,768883,0.075047,339700,13625367
39538,20140430,21168,39.215,875467,-0.022314,339252,13303767.18
39538,20140530,21168,38.83,440001,-0.000127,339252,13173155.16
39538,20140630,21168,38.97,419333,0.003605,337700,13160169
39538,20140731,21168,35.425,785648,-0.090967,337848,11968265.4
39538,20140829,21168,34.49,508543,-0.015667,337848,11652377.52
39538,20140930,21168,30.65,727756,-0.111337,338800,10384220
39538,20141031,21168,31.07,1241577,0.013703,338827,10527354.89
39538,20141128,21168,31.55,596724,0.027679,338827,10689991.85
39538,20141231,21168,30.945,1085337,-0.019176,338100,10462504.5
39538,20150130,21168,26.9,1386232,-0.130716,338100,9094890
39538,20150227,21168,26.32,926530,-0.007435,338254,8902845.28
39538,20150331,21168,22.85,1195416,-0.131839,338400,7732440
39538,20150430,21168,28.16,1949785,0.232385,338339,9527626.24
39538,20150529,21168,25.81,825300,-0.069957,338339,8732529.59
39538,20150630,21168,25.69,721468,-0.004649,338600,8698634
39538,20150731,21168,23.21,1128442,-0.096536,338613,7859207.73
39538,20150831,21168,23.43,1148521,0.025851,338613,7933702.59
39538,20150930,21168,21.06,875645,-0.101152,339300,7145658
39538,20151030,21168,24.58,1425053,0.167142,339354,8341321.32
39538,20151130,21168,24.86,1007790,0.026851,339354,8436340.44
39538,20151231,21168,27.17,1375769,0.09292,339700,9229649
39538,20160129,21168,27.59,1097594,0.015458,339700,9372323
39538,20160229,21168,32.52,1662193,0.192461,340006,11056995.12
39538,20160331,21168,33.62,924539,0.033825,340400,11444248
39538,20160429,21168,31.09,991577,-0.075253,340446,10584466.14
39538,20160531,21168,31.88,617871,0.037633,340446,10853418.48
39538,20160630,21168,31.29,731491,-0.018507,340600,10657374
39538,20160729,21168,33.38,654356,0.066795,340619,11369862.22
39538,20160831,21168,33.13,542990,0.003895,340619,11284707.47
39538,20160930,21168,30.28,655242,-0.086025,342100,10358788
39538,20161031,21168,31.53,832187,0.041281,342045,10784678.85
39538,20161130,21168,31.57,755802,0.013321,342045,10798360.65
39538,20161230,21168,27.55,868097,-0.127336,342400,9433120
39538,20170131,21168,26.21,1365100,-0.048639,342400,8974304
39538,20170228,21168,25.73,1157122,-0.003815,342445,8811109.85
39538,20170331,21168,25.61,960909,-0.004664,342600,8773986
39538,20170428,21168,22.42,1279989,-0.124561,342556,7680105.52
39538,20170531,21168,22.91,1299240,0.038805,342556,7847957.96
39538,20170630,21168,21.53,1869841,-0.060236,342700,7378331
39538,20170731,21168,20.02,1400546,-0.070135,342726,6861374.52
39538,20170831,21168,16.22,1427411,-0.182318,342726,5559015.72
39538,20170929,21168,15.48,1731311,-0.045623,343700,5320476
39538,20171031,21168,14.12,3212655,-0.087855,343730,4853467.6
39538,20171130,21168,18.25,2627357,0.292493,343730,6273072.5
39538,20171229,21168,15.38,1429372,-0.15726,343800,5287644
39538,20180131,21168,15.84,1217198,0.029909,343800,5445792
39538,20180228,21168,15.9,1343698,0.003788,343923,5468375.7
39538,20180329,21168,13.15,1394820,-0.172956,344000,4523600
39538,20180430,21168,14.8,1329368,0.125475,344017,5091451.6
39538,20180531,21168,15.52,849462,0.048649,344017,5339143.84
39538,20180629,21168,16.42,813690,0.05799,344200,5651764
39538,20180731,21168,15.87,728281,-0.033496,344153,5461708.11
39538,20180831,21168,15.43,717895,-0.027725,344153,5310280.79
39538,20180928,21168,15.7,543909,0.017498,345200,5419640
39538,20181031,21168,13.58,1221022,-0.135032,345151,4687150.58
39538,20181130,21168,13.9,691796,0.023564,345151,4797598.9
39538,20181231,21168,9.99,1122033,-0.281295,345300,3449547
39538,20190131,21168,11.84,997777,0.185185,345300,4088352
39538,20190228,21168,14.42,2174449,0.217905,345396,4980610.32
39538,20190329,21168,13,802338,-0.098474,345500,4491500
39538,20190430,21168,12.19,1133595,-0.062308,345425,4210730.75
39538,20190531,21168,9.85,1639770,-0.191961,345425,3402436.25
39538,20190628,21168,11.21,2310424,0.138071,345500,3873055
39538,20190731,21168,14.6,965569,0.302409,345535,5044811
39538,20190830,21168,9.8,1241902,-0.328767,345535,3386243
39538,20190930,21168,11.39,843145,0.162245,346700,3948913
39538,20191031,21168,11.94,1001377,0.048288,346715,4139777.1
39538,20191129,21168,11.7,570852,-0.0201,346715,4056565.5
39538,20191231,21168,13.55,851774,0.15812,346800,4699140
39538,20200131,21168,14.63,744288,0.079705,346800,5073684
39538,20200228,21168,11.79,1391016,-0.194122,346871,4089609.09
39538,20200331,21168,8.81,1624354,-0.252757,346900,3056189
39538,20200430,21168,8.72,935119,-0.010216,346898,3024950.56
39538,20200529,21168,9.21,1090411,0.056193,346898,3194930.58
39538,20200630,21168,9.67,919247,0.049946,347000,3355490
39538,20200731,21168,11.11,821680,0.148914,346897,3854025.67
39538,20200831,21168,10.745,402184,-0.032853,346897,3727408.265
39538,20200930,21168,11.7,697458,0.088879,348100,4072770
39538,20201030,21168,13.77,1361524,0.176923,348040,4792510.8
39538,20201130,21168,15.49,751835,0.124909,348040,5391139.6
39538,20201231,21168,17.45,634074,0.126533,348200,6076090
39538,20210129,21168,18.12,402719,0.038395,348200,6309384
39538,20210226,21168,20.2,610411,0.11479,348170,7033034
39538,20210331,21168,19.92,563817,-0.013861,348800,6948096
39538,20210430,21168,21.46,588704,0.077309,348776,7484732.96
39538,20210528,21168,21.21,439689,-0.01165,348776,7397538.96
39538,20210630,21168,20.1,509965,-0.052334,349000,7014900
39538,20210730,21168,21.72,592405,0.080597,348970,7579628.4
39538,20210831,21168,21.35,488783,-0.017035,348970,7450509.5
39538,20210930,21168,18.56,548862,-0.130679,348100,6460736
39538,20211029,21168,21.81,784541,0.175108,350341,7640937.21
39538,20211130,21168,21.21,506055,-0.02751,350341,7430732.61
39538,20211231,21168,21.56,701501,0.016502,350700,7561092
39538,20220131,21168,20.92,718138,-0.029685,350700,7336644
39538,20220228,21168,24.98,858035,0.194073,352241,8798980.18
39538,20220331,21168,22.21,569017,-0.110889,352500,7829025
39538,20220429,21168,24.31,579506,0.094552,352494,8569129.14
39538,20220531,21168,25.12,876846,0.03332,352494,8854649.28
39538,20220630,21168,22.33,523481,-0.111067,353300,7889189
39538,20220729,21168,23.2,659790,0.038961,353253,8195469.6
39538,20220831,21168,22.12,518471,-0.046552,353253,7813956.36
39538,20220930,21168,18.94,575983,-0.143761,354400,6712336
39538,20221031,21168,18.96,742990,0.001056,354402,6719461.92
39538,20221130,21168,18.23,979845,-0.038502,354402,6460748.46
39538,20221230,21168,17.84,680393,-0.021393,354402,6322531.68
59010,20100129,1892,19.08,2090090,-0.085203,689993,13165066.44
59010,20100226,1892,21.5,1982359,0.126834,689993,14834849.5
59010,20100331,1892,23.11,1592127,0.074884,667420,15424076.2
59010,20100430,1892,24.73,1523476,0.074427,667420,16505296.6
59010,20100528,1892,21.8,2177308,-0.11848,667420,14549756
59010,20100630,1892,19.46,2194193,-0.107339,650593,12660539.78
59010,20100730,1892,18.11,2429467,-0.064234,650593,11782239.23
59010,20100831,1892,16.89,2119714,-0.067366,650593,10988515.77
59010,20100930,1892,18.64,1749104,0.103612,618883,11535979.12
59010,20101029,1892,19.01,2101756,0.025215,618883,11764965.83
59010,20101130,1892,21.36,1983082,0.123619,618883,13219340.88
59010,20101231,1892,22.14,1587585,0.036517,614360,13601930.4
59010,20110131,1892,19.27,2160347,-0.125113,614360,11838717.2
59010,20110228,1892,22.53,1751527,0.169175,614360,13841530.8
59010,20110331,1892,22.66,1812252,0.00577,584492,13244588.72
59010,20110429,1892,23.24,1644484,0.03056,582680,13541483.2
59010,20110531,1892,19.4,2069437,-0.165232,582680,11303992
59010,20110630,1892,18.1,1998828,-0.06701,550426,9962710.6
59010,20110729,1892,19.29,1336064,0.071961,550426,10617717.54
59010,20110831,1892,16.52,2629982,-0.143598,550426,9093037.52
59010,20110930,1892,16.24,1711278,-0.016949,510207,8285761.68
59010,20111031,1892,18.9,1321849,0.17072,510207,9642912.3
59010,20111130,1892,18.69,1342313,-0.011111,510207,9535768.83
59010,20111230,1892,18.55,772965,-0.001471,488305,9058057.75
59010,20120131,1892,18.98,1176021,0.023181,488305,9268028.9
59010,20120229,1892,23.36,1663174,0.230769,488305,11406804.8
59010,20120330,1892,26.14,1607153,0.119007,487724,12749105.36
59010,20120430,1892,28.5,1691287,0.095065,490175,13969987.5
59010,20120531,1892,26.5,1687504,-0.070175,491000,13011500
59010,20120629,1892,27.36,1374337,0.03717,489218,13385004.48
59010,20120730,1892,29.49,1149858,0.077851,489218,14427038.82
59010,20120831,1892,35.82,1633422,0.214649,480935,17227091.7
59010,20120928,1892,35.78,1189065,-0.001117,480935,17207854.3
59010,20121031,1892,35.72,919977,0.001817,480935,17178998.2
59010,20121130,1892,34.46,1094349,-0.035274,480935,16573020.1
59010,20121231,1892,31.04,1581652,-0.095618,479419,14881165.76
59010,20130131,1892,32.68,920200,0.052835,479419,15667412.92
59010,20130228,1892,32.92,1040631,0.007344,479419,15782473.48
59010,20130328,1892,35.4,919120,0.075334,465307,16471867.8
59010,20130430,1892,37.99,796333,0.077401,465301,17676784.99
59010,20130531,1892,40.55,866185,0.067386,465301,18867955.55
59010,20130628,1892,41.73,685365,0.0291,467700,19517121
59010,20130731,1892,45.9,547664,0.103523,467700,21467430
59010,20130830,1892,40.44,809581,-0.118954,467700,18913788
59010,20130930,1892,40.28,705460,-0.003956,467503,18831020.84
59010,20131031,1892,36.99,1255035,-0.076713,467503,17292935.97
59010,20131129,1892,40.97,931842,0.107597,449000,18395530
59010,20131231,1892,39.08,901648,-0.046131,448975,17545943
59010,20140131,1892,38.08,1316933,-0.020471,448975,17096968
59010,20140228,1892,43.75,1111051,0.148897,446000,19512500
59010,20140331,1892,40.06,914009,-0.084343,447002,17906900.12
59010,20140430,1892,39.3,1177041,-0.01348,446816,17559868.8
59010,20140530,1892,41.23,825241,0.049109,446816,18422223.68
59010,20140630,1892,41.57,509434,0.008246,440724,18320896.68
59010,20140731,1892,40.11,740437,-0.029829,440724,17677439.64
59010,20140829,1892,46.15,787714,0.150586,434000,20029100
59010,20140930,1892,41.69,727186,-0.096641,434866,18129563.54
59010,20141031,1892,37.89,1565295,-0.085872,434866,16477072.74
59010,20141128,1892,39.6,915797,0.045131,434866,17220693.6
59010,20141231,1892,42.11,731304,0.063384,423576,17836785.36
59010,20150130,1892,41.19,763494,-0.016623,423576,17447095.44
59010,20150227,1892,41.6,900607,0.009954,421000,17513600
59010,20150331,1892,43.33,827005,0.041587,418771,18145347.43
59010,20150430,1892,39.64,651666,-0.079852,419735,16638295.4
59010,20150529,1892,38.33,935188,-0.033047,419735,16088442.55
59010,20150630,1892,38.17,825698,-0.004174,417355,15930440.35
59010,20150731,1892,36.48,845964,-0.03825,417355,15225110.4
59010,20150831,1892,32.81,1062337,-0.100603,417355,13693417.55
59010,20150930,1892,28.5,1123276,-0.131362,406745,11592232.5
59010,20151030,1892,27.22,1236313,-0.036842,406745,11071598.9
59010,20151130,1892,26.73,1242893,-0.018001,404000,10798920
59010,20151231,1892,24.7,1177696,-0.075945,401902,9926979.4
59010,20160129,1892,24.72,1419453,0.010121,401902,9935017.44
59010,20160229,1892,27.65,1346361,0.118528,401902,11112590.3
59010,20160331,1892,29.4,1220391,0.063291,397140,11675916
59010,20160429,1892,23.18,1357853,-0.203741,397873,9222696.14
59010,20160531,1892,17.99,2110320,-0.2239,398000,7160020
59010,20160630,1892,21.22,1480705,0.179544,397964,8444796.08
59010,20160729,1892,25.79,1381395,0.226202,397964,10263491.56
59010,20160831,1892,24.87,1579795,-0.035673,397964,9897364.68
59010,20160930,1892,22.24,1091347,-0.10575,398477,8862128.48
59010,20161031,1892,27.59,1198571,0.250899,398477,10993980.43
59010,20161130,1892,24.97,1621346,-0.094962,398477,9949970.69
59010,20161230,1892,22.44,1124849,-0.09211,398881,8950889.64
59010,20170131,1892,23.03,1374411,0.026292,398881,9186229.43
59010,20170228,1892,24.82,1129300,0.077725,398881,9900226.42
59010,20170331,1892,24.29,1195025,-0.021354,399843,9712186.47
59010,20170428,1892,26.2,964142,0.088102,400221,10485790.2
59010,20170531,1892,22.5,1490044,-0.141221,396000,8910000
59010,20170630,1892,21.99,1343102,-0.012444,395759,8702740.41
59010,20170731,1892,23.83,1306428,0.083674,395759,9430936.97
59010,20170831,1892,23.62,1278276,-0.008812,392159,9262795.58
59010,20170929,1892,29.53,1228458,0.250212,392159,11580455.27
59010,20171031,1892,25.99,1222755,-0.112089,392159,10192212.41
59010,20171130,1892,32.31,1302279,0.243171,388857,12563969.67
59010,20171229,1892,34.06,905041,0.054163,388857,13244469.42
59010,20180131,1892,33.24,846689,-0.017322,388857,12925606.68
59010,20180228,1892,31.58,1018580,-0.04994,388857,12280104.06
59010,20180329,1892,31.2,1233142,-0.012033,389319,12146752.8
59010,20180430,1892,29.24,923425,-0.055048,389311,11383453.64
59010,20180531,1892,27.98,1389290,-0.043092,389331,10893481.38
59010,20180629,1892,32.39,1241177,0.157613,387470,12550153.3
59010,20180731,1892,30.17,904103,-0.061053,387470,11689969.9
59010,20180831,1892,30.35,1102347,0.005966,387470,11759714.5
59010,20180928,1892,28.85,934413,-0.049423,387470,11178509.5
59010,20181031,1892,27.3,1161959,-0.045321,387470,10577931
59010,20181130,1892,27.29,1007421,-0.000366,381434,10409333.86
59010,20181231,1892,25.76,1115167,-0.056065,381434,9825739.84
59010,20190131,1892,25.44,1008608,-0.003009,381434,9703680.96
59010,20190228,1892,25.4,797843,-0.001572,381434,9688423.6
59010,20190329,1892,26.18,1741263,0.030709,378598,9911695.64
59010,20190430,1892,26.08,836173,0.005443,379014,9884685.12
59010,20190531,1892,18.68,1456638,-0.283742,377972,7060516.96
59010,20190628,1892,17.97,1319382,-0.038009,377972,6792156.84
59010,20190731,1892,19.5,1154652,0.098637,377972,7370454
59010,20190830,1892,15.79,1911113,-0.190256,375788,5933692.52
59010,20190930,1892,17.36,1408243,0.09943,375788,6523679.68
59010,20191031,1892,16.26,1594158,-0.049395,375788,6110312.88
59010,20191129,1892,16.61,1558488,0.021525,373299,6200496.39
59010,20191231,1892,17.68,1186980,0.064419,373299,6599926.32
59010,20200131,1892,17.41,1154564,-0.001555,373299,6499135.59
59010,20200228,1892,14.33,1111276,-0.17691,373299,5349374.67
59010,20200331,1892,7.04,2531302,-0.508723,371302,2613966.08
59010,20200430,1892,8.12,2719406,0.153409,372639,3025828.68
59010,20200529,1892,8.9,2634205,0.096059,372639,3316487.1
59010,20200630,1892,12.62,5202224,0.417978,373471,4713204.02
59010,20200731,1892,13.37,2734558,0.059429,373471,4993307.27
59010,20200831,1892,17.39,2378302,0.300673,373593,6496782.27
59010,20200930,1892,17.03,1683667,-0.020701,373593,6362288.79
59010,20201030,1892,19.45,2285503,0.142102,373593,7266383.85
59010,20201130,1892,20.96,2140924,0.077635,374029,7839647.84
59010,20201231,1892,20.19,1605403,-0.036737,374029,7551645.51
59010,20210129,1892,20.25,1639463,0.002972,374029,7574087.25
59010,20210226,1892,24.95,1147064,0.232099,374029,9332023.55
59010,20210331,1892,29.78,1861311,0.193587,374852,11163092.56
59010,20210430,1892,33.1,972850,0.111484,374911,12409554.1
59010,20210528,1892,33.45,1501748,0.010574,374911,12540772.95
59010,20210630,1892,33.65,1406855,0.005979,377602,12706307.3
59010,20210730,1892,29.17,1160323,-0.129569,377602,11014650.34
59010,20210831,1892,26.73,1648966,-0.083648,377602,10093301.46
59010,20210930,1892,22.7,1649590,-0.150767,377602,8571565.4
59010,20211029,1892,22.69,1609617,0.004846,377602,8567789.38
59010,20211130,1892,16.53,2403648,-0.271485,373403,6172351.59
59010,20211231,1892,17.65,1737767,0.067756,373403,6590562.95
59010,20220131,1892,18.07,1764902,0.030595,373403,6747392.21
59010,20220228,1892,14.55,2283471,-0.194798,373403,5433013.65
59010,20220331,1892,14.08,2465113,-0.032302,369780,5206502.4
59010,20220429,1892,12.42,2228335,-0.107244,369785,4592729.7
59010,20220531,1892,11.03,2556915,-0.111916,369785,4078728.55
59010,20220630,1892,8.24,2107740,-0.252947,367968,3032056.32
59010,20220729,1892,9.62,1694557,0.18568,367968,3539852.16
59010,20220831,1892,9.14,1807026,-0.049896,363697,3324190.58
59010,20220930,1892,8.21,1442020,-0.101751,363697,2985952.37
59010,20221031,1892,11.27,1701859,0.390987,363697,4098865.19
59010,20221130,1892,14.54,2231029,0.290151,365049,5307812.46
59010,20221230,1892,11.28,1486819,-0.224209,365049,4117752.72
59328,20100129,2367,19.4,15134718,-0.04902,5523000,107146200
59328,20100226,2367,20.53,11286921,0.066366,5524000,113407720
59328,20100331,2367,22.29,12952734,0.085728,5564000,124021560
59328,20100430,2367,22.84,15562001,0.024675,5564000,127081760
59328,20100528,2367,21.42,18358308,-0.055276,5564000,119180880
59328,20100630,2367,19.45,13678885,-0.09197,5567000,108278150
59328,20100730,2367,20.6,16128696,0.059126,5568000,114700800
59328,20100831,2367,17.665,17445120,-0.13483,5568000,98358720
59328,20100930,2367,19.2,13505615,0.086895,5576000,107059200
59328,20101029,2367,20.05,14075976,0.044271,5578000,111838900
59328,20101130,2367,21.1575,11304826,0.063092,5578000,118016535
59328,20101231,2367,21.03,9237660,-0.006026,5511000,115896330
59328,20110131,2367,21.46,14546645,0.020447,5511000,118266060
59328,20110228,2367,21.47,10048935,0.00891,5488000,117827360
59328,20110331,2367,20.18,13328933,-0.060084,5385158,108672488.4
59328,20110429,2367,23.15,14498873,0.147175,5302000,122741300
59328,20110531,2367,22.51,15876901,-0.019819,5302000,119348020
59328,20110630,2367,22.16,11860109,-0.015549,5302000,117492320
59328,20110729,2367,22.33,9474186,0.007671,5251000,117254830
59328,20110831,2367,20.13,15569964,-0.089118,5251000,105702630
59328,20110930,2367,21.335,13398764,0.059861,5118000,109192530
59328,20111031,2367,24.54,15544825,0.150223,5092000,124957680
59328,20111130,2367,24.91,11414268,0.023635,5092000,126841720
59328,20111230,2367,24.25,9909165,-0.026495,5000000,121250000
59328,20120131,2367,26.42,11234757,0.089485,5000000,132100000
59328,20120229,2367,26.88,7852488,0.02536,4996000,134292480
59328,03302012,2367,28.115,7289031,0.045945,5006000,140743690
59328,20120430,2367,28.395,7508917,0.009959,5031000,142855245
59328,20120531,2367,25.84,8697135,-0.082585,5031000,130001040
59328,20120629,2367,26.65,7853283,0.031347,5013000,133596450
59328,20120731,2367,25.7,7640692,-0.035647,5003000,128577100
59328,20120831,2367,24.83,7488884,-0.025097,5003000,124224490
59328,20120928,2367,22.655,9272325,-0.087596,4982000,112867210
59328,20121031,2367,21.63,11093369,-0.045244,4976000,107630880
59328,20121130,2367,19.565,11392626,-0.085067,4976000,97355440
59328,20121231,2367,20.62,7981699,0.053923,4944000,101945280
59328,20130131,2367,21.04,13451254,0.020369,4944000,104021760
59328,20130228,2367,20.88,6966377,0.003089,4946000,103272480
59328,20130328,2367,21.835,7492144,0.045738,4948000,108039580
59328,20130430,2367,23.95,12426124,0.096863,4971000,119055450
59328,20130531,2367,24.28,7362009,0.023173,4971000,120695880
59328,20130628,2367,24.23,8631768,-0.002059,4981000,120689630
59328,20130731,2367,23.335,10099863,-0.036938,4982000,116254970
59328,20130830,2367,21.98,6435110,-0.048425,4982000,109504360
59328,20130930,2367,22.921,6404107,0.042812,4973000,113986133
59328,20131031,2367,24.47,7941236,0.06758,4971000,121640370
59328,20131129,2367,23.84,5861548,-0.016551,4971000,118508640
59328,20131231,2367,25.955,6080294,0.088716,4967000,128918485
59328,20140131,2367,24.54,8356280,-0.054517,4967000,121890180
59328,20140228,2367,24.76,5115890,0.018134,4972000,123106720
59328,20140331,2367,25.814,5874106,0.042569,4972000,128347208
59328,20140430,2367,26.69,7358515,0.033935,4978000,132862820
59328,20140530,2367,27.32,4920385,0.032034,4978000,135998960
59328,20140630,2367,30.9,7616039,0.13104,4948000,152893200
59328,20140731,2367,33.89,8449928,0.096764,4951000,167789390
59328,20140829,2367,34.92,5939138,0.037032,4951000,172888920
59328,20140930,2367,34.82,5583727,-0.002864,4857000,169120740
59328,20141031,2367,34.01,8959453,-0.023263,4835000,164438350
59328,20141128,2367,37.25,5628547,0.101882,4835000,180103750
59328,20141231,2367,36.29,5997669,-0.025772,4748000,172304920
59328,20150130,2367,33.04,6899674,-0.089556,4748000,156873920
59328,20150227,2367,33.25,4564882,0.01362,4736000,157472000
59328,20150331,2367,31.27,9108363,-0.059549,4742000,148282340
59328,20150430,2367,32.55,5682092,0.040934,4744000,154417200
59328,20150529,2367,34.46,4981716,0.066052,4744000,163478240
59328,20150630,2367,30.415,7020491,-0.117382,4753000,144562495
59328,20150731,2367,28.95,8298474,-0.048167,4754000,137628300
59328,20150831,2367,28.54,7064729,-0.005872,4754000,135679160
59328,20150930,2367,30.14,6819936,0.056062,4730000,142562200
59328,20151030,2367,33.86,7048483,0.123424,4719000,159785340
59328,20151130,2367,34.77,4603462,0.033963,4719000,164079630
59328,20151231,2367,34.45,4278172,-0.009203,4725000,162776250
59328,20160129,2367,31.02,6154804,-0.099565,4725000,146569500
59328,20160229,2367,29.59,5298106,-0.037718,4724000,139783160
59328,20160331,2367,32.35,4720772,0.093275,4717401,152607922.4
59328,20160429,2367,30.28,5158413,-0.063988,4722000,142982160
59328,20160531,2367,31.59,4316148,0.051849,4722000,149167980
59328,20160630,2367,32.8,4858642,0.038303,4722000,154881600
59328,20160729,2367,34.86,5305042,0.062805,4731000,164922660
59328,20160831,2367,35.89,3909587,0.037005,4731000,169795590
59328,20160930,2367,37.75,5065375,0.051825,4739000,178897250
59328,20161031,2367,34.87,4713188,-0.076291,4739000,165248930
59328,20161130,2367,34.7,4137044,0.002581,4739000,164443300
59328,20161230,2367,36.27,4059738,0.045245,4730000,171557100
59328,20170131,2367,36.82,4563906,0.015164,4730000,174158600
59328,20170228,2367,36.2,4775715,-0.009777,4728000,171153600
59328,20170331,2367,36.07,5461561,-0.003591,4709000,169853630
59328,20170428,2367,36.15,4441440,0.002218,4709000,170230350
59328,20170531,2367,36.11,4332765,0.006432,4709000,170041990
59328,20170630,2367,33.74,4996452,-0.065633,4699000,158544260
59328,20170731,2367,35.47,4409787,0.051274,4699000,166673530
59328,20170831,2367,35.07,4985863,-0.003595,4699000,164793930
59328,20170929,2367,38.08,4324249,0.085828,4680000,178214400
59328,20171031,2367,45.49,6335308,0.19459,4680000,212893200
59328,20171130,2367,44.84,5798052,-0.008299,4680000,209851200
59328,20171229,2367,46.16,5598746,0.029438,4687000,216351920
59328,20180131,2367,48.14,9121173,0.042894,4687000,225632180
59328,20180228,2367,49.29,6087654,0.030121,4668000,230085720
59328,20180329,2367,52.08,7108681,0.056604,4660000,242692800
59328,20180430,2367,51.62,6664027,-0.008833,4660000,240549200
59328,20180531,2367,55.2,4853314,0.075165,4660000,257232000
59328,20180629,2367,49.71,6372817,-0.099457,4611000,229212810
59328,20180731,2367,48.1,4774588,-0.032388,4611000,221789100
59328,20180831,2367,48.43,5164410,0.013098,4611000,223310730
59328,20180928,2367,47.29,4620938,-0.023539,4564000,215831560
59328,20181031,2367,46.88,7814219,-0.00867,4564000,213960320
59328,20181130,2367,49.31,5521427,0.058234,4564000,225050840
59328,20181231,2367,46.93,5651351,-0.048266,4564000,214188520
59328,20190131,2367,47.12,6200114,0.004049,4497000,211898640
59328,20190228,2367,52.96,4096649,0.130624,4497000,238161120
59328,20190329,2367,53.7,4348206,0.013973,4477000,240414900
59328,20190430,2367,51.04,4718698,-0.049534,4477000,228506080
59328,20190531,2367,44.04,6372251,-0.130976,4477000,197167080
59328,20190628,2367,47.87,4150341,0.086966,4430000,212064100
59328,20190731,2367,50.55,4299310,0.055985,4430000,223936500
59328,20190830,2367,47.41,5307732,-0.055885,4430000,210026300
59328,20190930,2367,51.53,3932230,0.086901,4350000,224155500
59328,20191031,2367,56.53,4481383,0.097031,4350000,245905500
59328,20191129,2367,58.05,3195127,0.032461,4350000,252517500
59328,20191231,2367,59.85,4198019,0.031008,4290000,256756500
59328,20200131,2367,63.93,5334917,0.06817,4277000,273428610
59328,20200228,2367,55.52,4410015,-0.126388,4277000,237459040
59328,20200331,2367,54.12,9599247,-0.025216,4234000,229144080
59328,20200430,2367,59.98,6170161,0.108278,4277000,256534460
59328,20200529,2367,62.93,4084192,0.054685,4277000,269151610
59328,20200630,2367,59.83,5691897,-0.049261,4253000,254456990
59328,20200731,2367,47.73,8068909,-0.20224,4253000,202995690
59328,20200831,2367,50.95,6666122,0.074377,4253000,216690350
59328,20200930,2367,51.78,6794537,0.01629,4098000,212194440
59328,20201030,2367,44.28,7373266,-0.144844,4098000,181459440
59328,20201130,2367,48.35,6770246,0.099368,4098000,198138300
59328,20201231,2367,49.82,8849260,0.030403,4062000,202368840
59328,20210129,2367,55.51,9603187,0.114211,4063000,225537130
59328,20210226,2367,60.78,5101171,0.101198,4063000,246949140
59328,20210331,2367,64,7692270,0.052978,4038000,258432000
59328,20210430,2367,57.53,6540282,-0.101094,4038000,232306140
59328,20210528,2367,57.12,4944148,-0.001086,4038000,230650560
59328,20210630,2367,56.14,5109135,-0.017157,4057000,227759980
59328,20210730,2367,53.72,5157714,-0.043106,4057000,217942040
59328,20210831,2367,54.06,4014569,0.012798,4057000,219321420
59328,20210930,2367,53.28,4123384,-0.014428,4067000,216689760
59328,20211029,2367,49,6709676,-0.08033,4067000,199283000
59328,20211130,2367,49.2,6154368,0.011173,4067000,200096400
59328,20211231,2367,51.5,7126718,0.046748,4070000,209605000
59328,20220131,2367,48.82,8911555,-0.052039,4072000,198795040
59328,20220228,2367,47.7,7471020,-0.015465,4072000,194234400
59328,20220331,2367,49.56,8465600,0.038994,4088661,202634039.2
59328,20220429,2367,43.59,6373940,-0.12046,4089000,178239510
59328,20220531,2367,44.42,7702751,0.027414,4089000,181633380
59328,20220630,2367,37.41,7833689,-0.157812,4089000,152969490
59328,20220729,2367,36.31,7902152,-0.029404,4106000,149088860
59328,20220831,2367,31.92,8968991,-0.110851,4106000,131063520
59328,20220930,2367,25.77,8867550,-0.192669,4127000,106352790
59328,20221031,2367,28.43,9768279,0.103221,4127000,117330610
59328,20221130,2367,30.07,7842375,0.070524,4127000,124098890
59328,20221230,2367,26.43,7542790,-0.121051,4127000,109076610
76221,20100129,26084,194.02,148442,-0.099215,19453,3774271.06
76221,20100226,26084,207.8,206370,0.080301,19453,4042333.4
76221,20100331,26084,236.73,179675,0.13922,19453,4605108.69
76221,20100430,26084,50.86,171084,-0.140624,77812,3957518.32
76221,20100528,26084,46.1,1189492,-0.09359,93339,4302927.9
76221,20100630,26084,43.6,741991,-0.05423,93339,4069580.4
76221,20100730,26084,51.92,636718,0.190826,93339,4846160.88
76221,20100831,26084,50.43,528337,-0.020069,93339,4707085.77
76221,20100930,26084,58.73,478956,0.164585,93339,5481799.47
76221,20101029,26084,65.12,527829,0.108803,93339,6078235.68
76221,20101130,26084,64.13,493847,-0.015203,93339,5985830.07
76221,20101231,26084,71.66,428795,0.117418,93339,6688672.74
76221,20110131,26084,69.48,515391,-0.030421,93339,6485193.72
76221,20110228,26084,71.08,704605,0.023028,94996,6752315.68
76221,20110331,26084,71.12,813023,0.009469,94996,6756115.52
76221,20110429,26084,73.21,545896,0.029387,94996,6954657.16
76221,20110531,26084,70.12,756763,-0.042207,94996,6661119.52
76221,20110630,26084,72.32,653616,0.031375,94996,6870110.72
76221,20110729,26084,70.98,470798,-0.018529,94996,6742816.08
76221,20110831,26084,61.16,924074,-0.130741,94996,5809955.36
76221,20110930,26084,44.08,877263,-0.279267,94996,4187423.68
76221,20111031,26084,54.06,1197595,0.226407,94996,5135483.76
76221,20111130,26084,53.07,853501,-0.018313,94996,5041437.72
76221,20111230,26084,48.92,671384,-0.078199,94996,4647204.32
76221,20120131,26084,60.46,692459,0.235895,94996,5743458.16
76221,20120229,26084,56.93,576768,-0.043334,104005,5921004.65
76221,20120330,26084,55.59,739035,-0.023538,104005,5781637.95
76221,20120430,26084,56.07,695692,0.008635,104005,5831560.35
76221,20120531,26084,43.22,905689,-0.229178,104005,4495096.1
76221,20120629,26084,47.81,751971,0.106201,104005,4972479.05
76221,20120731,26084,46.21,652640,-0.033466,104005,4806071.05
76221,20120831,26084,43.83,695793,-0.035789,104005,4558539.15
76221,20120928,26084,46.76,711864,0.066849,104005,4863273.8
76221,20121031,26084,49.98,618572,0.068862,104005,5198169.9
76221,20121130,26084,49.8,552360,-0.003601,104005,5179449
76221,20121231,26084,58.09,573085,0.166466,104005,6041650.45
76221,20130131,26084,56.47,479650,-0.027888,104005,5873162.35
76221,20130228,26084,53.64,444651,-0.050115,110519,5928239.16
76221,20130328,26084,47.08,618272,-0.104888,110519,5203234.52
76221,20130430,26084,46.06,709257,-0.021665,110519,5090505.14
76221,20130531,26084,42.72,891616,-0.072514,110519,4721371.68
76221,20130628,26084,41.08,757969,-0.038389,110519,4540120.52
76221,20130731,26084,44.99,607794,0.09518,110519,4972249.81
76221,20130830,26084,45.11,647954,0.021367,110519,4985512.09
76221,20130930,26084,48.76,561027,0.080913,110519,5388906.44
76221,20131031,26084,50.7,509444,0.039787,110519,5603313.3
76221,20131129,26084,53.05,543990,0.046351,110519,5863032.95
76221,20131231,26084,56.43,409680,0.063713,110519,6236587.17
76221,20140131,26084,53.15,582759,-0.058125,110519,5874084.85
76221,20140228,26084,57.3,611811,0.078081,106501,6102507.3
76221,20140331,26084,55.83,716939,-0.006525,106501,5945950.83
76221,20140430,26084,54.29,529779,-0.027584,106501,5781939.29
76221,20140530,26084,51.38,475620,-0.053601,106501,5472021.38
76221,20140630,26084,54.28,503487,0.056442,106501,5780874.28
76221,20140731,26084,57.29,422032,0.055453,106501,6101442.29
76221,20140829,26084,53.74,507838,-0.045237,106501,5723363.74
76221,20140930,26084,49.18,597221,-0.084853,106501,5237719.18
76221,20141031,26084,47.97,1077246,-0.024603,106501,5108852.97
76221,20141128,26084,46.6,465283,-0.02856,106501,4962946.6
76221,20141231,26084,46.06,626981,-0.011588,106501,4905436.06
76221,20150130,26084,44.13,546362,-0.041902,106501,4699889.13
76221,20150227,26084,49.33,602186,0.117834,117166,5779798.78
76221,20150331,26084,41.4,588967,-0.136461,117166,4850672.4
76221,20150430,26084,44.79,709305,0.081884,117166,5247865.14
76221,20150529,26084,43.77,421287,-0.022773,117166,5128355.82
76221,20150630,26084,41.21,416785,-0.058488,117166,4828410.86
76221,20150731,26084,38.62,696006,-0.062849,117166,4524950.92
76221,20150831,26084,36.72,599653,-0.021517,117166,4302335.52
76221,20150930,26084,33.82,811099,-0.078976,117166,3962554.12
76221,20151030,26084,36.51,756001,0.079539,117166,4277730.66
76221,20151130,26084,33.08,539331,-0.093947,117166,3875851.28
76221,20151231,26084,29.12,847761,-0.11971,117166,3411873.92
76221,20160129,26084,24.65,1111713,-0.153503,117166,2888141.9
76221,20160229,26084,26.1,1159556,0.10235,116136,3031149.6
76221,20160331,26084,28.27,1318962,0.083142,116136,3283164.72
76221,20160429,26084,33.66,1028661,0.190661,116136,3909137.76
76221,20160531,26084,28.04,940455,-0.166964,116136,3256453.44
76221,20160630,26084,31.3,1195119,0.116262,116136,3635056.8
76221,20160729,26084,32.82,791385,0.048562,116136,3811583.52
76221,20160831,26084,30.17,821508,-0.067017,116136,3503823.12
76221,20160930,26084,33.4,773245,0.10706,116136,3878942.4
76221,20161031,26084,34.85,705287,0.043413,116136,4047339.6
76221,20161130,26084,37.91,949574,0.087805,116136,4402715.76
76221,20161230,26084,38.46,646132,0.014508,116136,4466590.56
76221,20170131,26084,44.79,735130,0.164587,116136,5201731.44
76221,20170228,26084,41.52,889707,-0.044916,117123,4862946.96
76221,20170331,26084,40.68,993100,-0.020231,117123,4764563.64
76221,20170428,26084,39.82,615349,-0.021141,117123,4663837.86
76221,20170531,26084,40.31,658802,0.012305,117123,4721228.13
76221,20170630,26084,42.31,690962,0.049615,117123,4955474.13
76221,20170731,26084,47.38,752107,0.11983,117123,5549287.74
76221,20170831,26084,49.08,747045,0.059098,117123,5748396.84
76221,20170929,26084,47.19,521235,-0.038509,117123,5527034.37
76221,20171031,26084,47.93,497881,0.015681,117123,5613705.39
76221,20171130,26084,47.9,451129,-0.000626,117123,5610191.7
76221,20171229,26084,52.93,521134,0.10501,117123,6199320.39
76221,20180131,26084,56.11,540492,0.060079,117123,6571771.53
76221,20180228,26084,54.71,760233,-0.024951,118081,6460211.51
76221,20180329,26084,51.53,724098,-0.025307,118081,6084713.93
76221,20180430,26084,54.95,618987,0.066369,118081,6488550.95
76221,20180531,26084,56.7,486075,0.031847,118081,6695192.7
76221,20180629,26084,55.48,625076,-0.021517,118081,6551133.88
76221,20180731,26084,55.5,675448,0.00036,118081,6553495.5
76221,20180831,26084,48.03,669597,-0.111695,118081,5671430.43
76221,20180928,26084,51.02,518290,0.062253,118081,6024492.62
76221,20181031,26084,49.29,657631,-0.033908,118081,5820212.49
76221,20181130,26084,46.76,552480,-0.051329,118081,5521467.56
76221,20181231,26084,48.48,607262,0.036784,118081,5724566.88
76221,20190131,26084,56.27,606704,0.160685,118081,6644417.87
76221,20190228,26084,58.2,595016,0.034299,119179,6936217.8
76221,20190329,26084,58.85,710392,0.083849,119179,7013684.15
76221,20190430,26084,58.9,527852,0.00085,119179,7019643.1
76221,20190531,26084,57.93,610433,-0.016469,119179,6904039.47
76221,20190628,26084,62.34,443176,0.076126,119179,7429618.86
76221,20190731,26084,57.08,473603,-0.084376,119179,6802737.32
76221,20190830,26084,50.58,533710,-0.076734,119179,6028073.82
76221,20190930,26084,52.09,406134,0.029854,119179,6208034.11
76221,20191031,26084,52.01,500554,-0.001536,119179,6198499.79
76221,20191129,26084,54.56,315649,0.049029,119179,6502406.24
76221,20191231,26084,59.36,270065,0.087977,119179,7074465.44
76221,20200131,26084,53.43,354463,-0.099899,119179,6367733.97
76221,20200228,26084,46.93,393605,-0.121655,119179,5593070.47
76221,20200331,26084,45.56,967098,0.02003,119179,5429795.24
76221,20200430,26084,46.19,538026,0.013828,119179,5504878.01
76221,20200529,26084,53.92,453735,0.167352,119179,6426131.68
76221,20200630,26084,56.18,503886,0.041914,119179,6695476.22
76221,20200731,26084,61.04,462134,0.086508,119179,7274686.16
76221,20200831,26084,61.23,389564,0.028506,119179,7297330.17
76221,20200930,26084,60.39,484138,-0.013719,119179,7197219.81
76221,20201030,26084,56.77,441684,-0.059944,119179,6765791.83
76221,20201130,26084,64.97,388713,0.144442,119179,7743059.63
76221,20201231,26084,75.22,424180,0.157765,119179,8964644.38
76221,20210129,26084,76.42,383269,0.015953,119179,9107659.18
76221,20210226,26084,87.4,423404,0.14368,119179,10416244.6
76221,20210331,26084,77.65,641860,-0.100915,119179,9254249.35
76221,20210430,26084,85.06,507469,0.095428,119179,10137365.74
76221,20210528,26084,87.43,590463,0.027863,119179,10419819.97
76221,20210630,26084,83.89,473518,-0.04049,119179,9997926.31
76221,20210730,26084,86.31,443452,0.028847,119179,10286339.49
76221,20210831,26084,75.07,562591,-0.06523,119179,8946767.53
76221,20210930,26084,66.82,887098,-0.109897,119179,7963540.78
76221,20211029,26084,63.27,718880,-0.053128,119179,7540455.33
76221,20211130,26084,62.69,760531,-0.009167,119179,7471331.51
76221,20211231,26084,66.94,696618,0.067794,119179,7977842.26
76221,20220131,26084,71.4,1021905,0.066627,119179,8509380.6
76221,20220228,26084,78.58,872080,0.10056,119179,9365085.82
76221,20220331,26084,80.4,1247691,0.084118,119179,9581991.6
76221,20220429,26084,71.12,705975,-0.115423,119179,8476010.48
76221,20220531,26084,73.44,737929,0.032621,119179,8752505.76
76221,20220630,26084,61,695888,-0.16939,119179,7269919
76221,20220729,26084,61.03,781377,0.000492,119179,7273494.37
76221,20220831,26084,56.29,762581,-0.033918,119179,6708585.91
76221,20220930,26084,55.06,864464,-0.021851,119179,6561995.74
76221,20221031,26084,53.35,1020270,-0.031057,119179,6358199.65
76221,20221130,26084,68.64,823551,0.286598,119179,8180446.56
76221,20221230,26084,71.2,597793,0.037296,119179,8485544.8